Name,DOB,Phone,email,state
Jeddy,30/9/1956,"","",KL
Rogers,29/7/2003,2101742438,rwinterburn1@stumbleupon.com,KA
Smitty,18/5/1948,6023462818,speaseman2@networksolutions.com,KL
Dodie,21/11/1918,8234838173,dscamadine3@si.edu,KA
Berkeley,16/2/1939,6564949265,bforbear4@google.es,KL
Quill,25/7/1957,6465039172,qriolfi5@opensource.org,KL
Dore,11/7/1947,4224554348,"",KA
Jorey,5/4/2009,8233103211,jnapolione7@theatlantic.com,TN
Malena,25/3/1967,2963769136,mdangerfield8@sbwire.com,KL
Madalyn,3/7/2011,1114064409,miacobacci9@squarespace.com,KL
Nerta,25/6/1927,2264933884,nabdiea@deliciousdays.com,KA
Alanson,26/8/1952,7885265868,abastenb@europa.eu,TN
Rubina,28/9/1942,8968003736,rmethamc@shinystat.com,TN
Ambrosius,28/2/1940,6464693267,amclellandd@qq.com,KL
Felice,15/4/1907,9784240388,fdibiasie@fda.gov,TN
Melva,11/10/1927,9428176906,mkirkupf@biblegateway.com,KA
Manon,3/12/1919,8169554189,mmauchlineg@miitbeian.gov.cn,KL
Debora,31/7/1951,9725085402,daugusteh@wisc.edu,KL
Ely,17/7/1903,2921350612,eowersi@skype.com,KA
Torry,23/10/1996,4331916151,tphiferj@tuttocitta.it,KA
Devondra,4/9/1946,2657854086,dpidgeleyk@mit.edu,TN
Lian,2/10/1915,8941881384,lstricklerl@wordpress.org,KL
Joana,8/4/1913,2471825983,jkenderm@newsvine.com,KL
Talyah,16/11/1988,8822724707,tdonahern@newyorker.com,TN
Harbert,9/6/1922,8714019109,hdicteo@godaddy.com,KA
Christabella,24/12/1992,4545879496,cstarrsp@va.gov,TN
Sean,25/8/2003,6814945456,skerswellq@seesaa.net,TN
Glen,1/6/1944,9935747313,glooselyr@wikispaces.com,KA
Dodi,22/4/1967,8591837375,dpengelleys@cbc.ca,KA
Gibby,10/7/1968,2074928182,gdagont@dyndns.org,KA
Mortie,6/9/1941,4837415033,mtapsonu@yellowbook.com,KA
Ingaberg,15/12/1947,4714398780,idallistonv@trellian.com,KL
Tammara,3/8/1964,8351465863,"",KA
Neale,24/7/1974,3599703048,nharlettx@wisc.edu,KL
Teena,15/3/2017,8295702274,tleismany@sciencedirect.com,TN
Dedra,6/12/1988,7181562519,ddeferrarisz@apple.com,TN
Beck,29/12/1978,2507282991,"",KA
Cazzie,20/10/1985,5878380531,cboundy11@youku.com,KA
Kristi,17/1/1947,1552546146,khearnshaw12@shinystat.com,KA
Calhoun,13/10/2010,1489903166,cguyonnet13@mashable.com,KA
Sigfrid,2/7/1952,1049363678,"",KA
Reta,24/6/1941,4931720421,rcapner15@theguardian.com,KL
Rosene,11/10/1956,1824147111,rmcmeekan16@nasa.gov,KL
Kirbee,20/4/2009,4335739571,kguttridge17@e-recht24.de,KL
Eliot,12/2/1971,1023880999,ebudget18@bloglines.com,KA
Blaine,27/5/1954,6461365216,broy19@vk.com,KL
Lucretia,16/3/2020,3474442050,lmarqyes1a@goo.ne.jp,TN
Arther,5/5/1945,9297162621,atremlett1b@shop-pro.jp,KA
Pauline,23/5/1945,7305904661,pwillman1c@dot.gov,KL
Valida,15/6/1987,4053581448,vtomblett1d@biblegateway.com,KL
Maurie,13/4/1997,3518620521,mrowler1e@gravatar.com,KA
Yetty,29/8/1925,9406546603,"",KA
Teddy,29/10/1929,8685806267,tary1g@themeforest.net,TN
Elia,17/5/2017,6062906034,egiacoboni1h@jalbum.net,KA
Milzie,1/8/1989,7695436757,mfawcus1i@over-blog.com,KL
Cordula,1/2/1916,3525984975,cewan1j@cbslocal.com,TN
Harland,10/10/1941,5049491845,hcruikshanks1k@geocities.jp,TN
Chet,3/8/1920,4803965360,cmattiacci1l@shareasale.com,KA
Nomi,7/6/1951,5441166673,nnoore1m@soundcloud.com,TN
Tab,26/2/1995,8789652954,tdrage1n@ftc.gov,TN
Ulrick,11/1/1983,7852137140,ukerkham1o@irs.gov,KL
Sheila,28/11/1926,6616474537,srolance1p@ucoz.ru,TN
Vivi,23/12/1950,5909006128,vfranzini1q@senate.gov,TN
Natale,26/9/2008,2849441671,nfittes1r@mozilla.com,KA
Drud,17/12/1985,4231003368,dchingedehals1s@scribd.com,TN
Gerrie,11/1/1958,4935113380,gkerner1t@timesonline.co.uk,KL
Bea,8/6/2015,6013172939,bsievewright1u@deviantart.com,TN
Bernelle,21/11/1943,5433214486,bnicholson1v@examiner.com,KL
Ellen,5/3/1922,4176483067,eduns1w@linkedin.com,TN
Valentijn,1/6/1950,2204958226,vgeroldi1x@php.net,KA
Sammie,2/2/1987,5316135561,sgraftonherbert1y@berkeley.edu,KA
Myrwyn,5/12/2000,8344473807,mvillaret1z@oaic.gov.au,KA
Jone,6/11/2017,5427353914,jburchfield20@amazon.com,KL
Victoir,5/2/1944,7526450493,vmccarron21@blinklist.com,KA
Inger,7/5/1943,9934747658,igrigsby22@google.co.uk,KA
Kyle,8/2/1992,7587657377,"",KL
Yance,30/6/1925,3891596391,"",KL
Bernhard,11/8/1993,4227689214,bwoodger25@tiny.cc,TN
Dionne,5/7/1948,6922597177,"",TN
Haskel,11/8/1985,5429945822,hlumby27@shareasale.com,KL
Ethelred,14/2/1902,4563050815,edrewett28@usda.gov,KL
Paolo,16/5/1934,3988892418,pcheeld29@adobe.com,KA
Simmonds,4/3/1952,1369150217,slemmer2a@mashable.com,TN
Jilly,13/4/1986,9755742044,johenehan2b@cpanel.net,KA
Dwain,2/5/1992,3336821621,djosskowitz2c@t-online.de,KA
Lorenza,23/6/1995,1653529249,lbilam2d@plala.or.jp,TN
Morena,17/4/1960,1861869560,mgritskov2e@ucla.edu,KA
Lilias,27/3/2012,1974434295,lohms2f@weather.com,KA
Giorgio,25/12/1958,4996674219,gfairn2g@mozilla.org,TN
Van,29/10/1980,4869292928,vjestico2h@xing.com,KA
Beale,29/2/2004,4608117372,bwille2i@wix.com,KL
Sadye,5/9/1912,6694474210,spalfrie2j@psu.edu,KL
Tyrone,22/6/2004,4587788594,tmoverley2k@apache.org,KA
Abbey,18/3/1932,7429855742,"",KA
Alexia,3/11/1919,9638198949,adrover2m@ca.gov,TN
Orbadiah,23/1/2011,6116109270,oreuben2n@sakura.ne.jp,KL
Estella,23/7/1915,9316165957,espong2o@hud.gov,KA
Fern,28/7/1918,"",fpettiford2p@tinyurl.com,KA
Darcy,24/7/1905,8676685171,dohms2q@dyndns.org,TN
Sammy,12/1/1900,5025209459,"",TN
Reeba,26/10/1975,3371758142,rgullis2s@cisco.com,KA
Sukey,19/11/2018,9728355034,smullane2t@mayoclinic.com,TN
Melany,22/12/1924,8318958941,mclark2u@deliciousdays.com,KL
Randy,25/11/1904,3978213453,rscutcheon2v@google.es,TN
Orin,24/9/1966,4542510800,omcgaffey2w@angelfire.com,KA
Winifred,27/11/1919,2612671666,"",KA
Kattie,20/9/1974,6532220728,"",TN
Melodie,4/6/1922,9713089243,mdillow2z@a8.net,TN
Walsh,4/4/1964,2118161869,wbrandi30@google.ru,TN
Edan,14/5/1944,1679829203,efray31@dot.gov,KL
Marge,13/6/2018,4205666968,mtorritti32@bizjournals.com,KL
Minerva,13/11/1903,6283768487,mpund33@tripadvisor.com,TN
Amalia,23/12/2013,4144280653,amcmillian34@geocities.jp,KA
Erena,9/5/1953,5204335228,eavesque35@weather.com,TN
Decca,18/12/1910,9817299226,dmartinets36@networkadvertising.org,KA
Sheena,30/5/1940,1932147237,sshoesmith37@sakura.ne.jp,KA
Averil,5/5/1995,9193052980,agrimes38@vkontakte.ru,KL
Kaitlyn,17/3/1966,9989973720,kdoylend39@clickbank.net,KL
Kelwin,21/9/1980,5015160696,kmccorley3a@freewebs.com,KA
Lauri,5/11/1910,2768186493,lfalla3b@dailymotion.com,KL
Byran,7/10/1927,4752103382,bradmer3c@theglobeandmail.com,TN
Charmion,27/11/1927,9036516122,cmccreagh3d@prweb.com,KA
Roy,13/10/1969,1249580732,rmancktelow3e@npr.org,KL
Roby,6/6/2010,4246338142,rpetrulis3f@cornell.edu,KA
Tracey,10/9/1950,1992191805,tmarc3g@skype.com,KL
Debra,22/1/1905,4559383345,"",TN
Lynnell,30/8/1907,5051806289,lstandidge3i@springer.com,TN
Karia,21/12/1938,8941777289,ksandels3j@hatena.ne.jp,TN
Jamal,16/12/1929,4933931989,jjobern3k@tinypic.com,KA
Pammy,23/8/1977,9675505289,pmcnab3l@whitehouse.gov,KL
Katinka,26/7/2015,7101394799,kcragg3m@cbslocal.com,KA
Evaleen,19/2/1957,2725038363,ebirks3n@cnbc.com,KA
Jess,30/10/1912,4503039571,jmcelory3o@npr.org,KA
Elka,16/7/1900,4343975531,esponer3p@over-blog.com,KL
Berkie,9/8/2016,1909216500,bliddard3q@desdev.cn,KA
Shermie,1/11/1907,7042383456,scallender3r@netlog.com,KL
Tadeo,24/4/1946,7291340565,tvellden3s@istockphoto.com,KA
Muffin,25/11/1953,2039956210,mprobin3t@geocities.com,KA
Vinson,23/12/1909,8087774922,vjeffels3u@prlog.org,KA
Jacklin,28/2/1991,1299309183,jpigford3v@upenn.edu,KA
Fernandina,2/10/1913,7028273658,fdulwitch3w@gnu.org,KL
Hill,18/8/2005,7494790554,hhawksley3x@hugedomains.com,KA
Ricki,22/5/1994,3941630119,rlemmen3y@alexa.com,KL
Morgan,3/4/2005,5565517445,"",TN
Natal,23/3/1993,7706114683,nwinser40@wsj.com,KL
Jeromy,31/10/2003,1881331971,jbigmore41@dagondesign.com,KA
Kordula,11/1/1948,7711092579,kdaverin42@fema.gov,KA
Allison,19/5/1923,9347201394,avillaron43@hibu.com,TN
Nolan,23/4/1983,5034752642,nporson44@baidu.com,TN
Doria,3/4/1916,5659183480,ddoles45@cafepress.com,KA
Ros,15/1/1995,5299223447,"",KA
Johnath,30/9/1984,8088622828,jduckhouse47@nbcnews.com,TN
Meta,24/10/1902,2417864972,mkennington48@cisco.com,KA
Felita,2/11/1901,3368197568,fleadstone49@google.com,KA
Kylynn,16/11/1917,7171088599,"",KA
Anabel,27/5/1996,4266810203,afrenchum4b@domainmarket.com,TN
Tristan,28/10/1908,6648473089,tchellingworth4c@wiley.com,TN
Antoinette,12/3/1973,7035440345,arattenberie4d@godaddy.com,KA
Aloisia,14/12/1939,7848531231,"",TN
Lilyan,2/2/1910,9849438840,lmcure4f@desdev.cn,KA
Bridgette,20/1/1943,2145869685,bcogley4g@meetup.com,TN
Janelle,25/1/2007,3041277229,jcoster4h@nps.gov,TN
Daria,15/3/1915,5593516646,"",KL
Morissa,15/10/2011,1352712197,mricardot4j@sourceforge.net,KA
Lissa,19/11/1901,1217723206,lcavey4k@ocn.ne.jp,KL
Ailina,21/8/2018,3453116697,agayden4l@nhs.uk,TN
Gabriel,12/11/1920,2174034904,"",KL
Chrissie,14/6/1911,3916294465,cgreaterex4n@spotify.com,KL
Oby,23/9/1963,9087092939,odumbar4o@slashdot.org,KA
Barnie,29/2/1908,6943288801,bducket4p@vinaora.com,KL
Jorey,14/4/1999,1555106464,jmarrison4q@sun.com,TN
Beatriz,6/10/1920,3683586084,bvalett4r@tinyurl.com,KL
Erda,30/1/1996,6636802446,"",TN
Myer,7/8/1927,1324745016,mlyte4t@acquirethisname.com,TN
Meriel,16/3/1970,2903099542,"",KA
Dorree,25/6/1927,9089988401,djaques4v@amazon.co.jp,KA
Carlin,12/7/1957,7333647236,cjolliffe4w@i2i.jp,TN
Toiboid,12/7/1904,4526336089,truddiforth4x@deliciousdays.com,TN
Kimmie,21/1/1949,6615076289,klyes4y@businesswire.com,KA
Cordula,31/5/2009,6163565672,cdenkin4z@1688.com,KL
Gale,6/2/1981,1319866453,gbeake50@examiner.com,KA
Margret,11/10/1924,9615314826,mbinion51@cnet.com,KL
Laurence,29/11/1967,1457043238,llounds52@stanford.edu,KL
Rogers,2/1/1942,1668742027,rlortzing53@pagesperso-orange.fr,KA
Barron,4/2/1985,3817997544,bonowlan54@seesaa.net,KA
Tiebold,1/12/1961,5102563126,trudgard55@hhs.gov,TN
Velvet,15/3/1982,3419935566,"",KL
Margalo,6/7/1970,8274918379,mbenthall57@goodreads.com,KL
Bram,22/12/1914,1237637546,bizzat58@about.me,TN
Meggie,14/4/1932,9179494889,mcardall59@facebook.com,TN
Onida,3/1/2006,6296907021,oroffey5a@clickbank.net,KL
Kile,8/4/2006,4618958600,kbarbary5b@addthis.com,TN
Chiquia,6/9/2014,8381352503,cbanbridge5c@omniture.com,KL
Ainslie,17/5/1941,4053028384,anormanvill5d@diigo.com,KL
Helena,5/11/1986,2437310212,"",KL
Theresa,15/1/1916,8767154271,tsiddele5f@un.org,KA
Tim,6/7/1937,4904679427,tleathard5g@blogs.com,TN
Dulcinea,30/7/1983,8952050853,ddoughtery5h@imdb.com,KL
Cece,16/3/1962,9153305944,ccuthbertson5i@lycos.com,KL
Lilly,13/12/1923,3992720953,lwife5j@abc.net.au,KA
Winny,27/5/2009,4903227475,"",TN
Khalil,22/9/1929,2997460117,kpattle5l@so-net.ne.jp,KL
Allen,25/9/1910,2394383352,achevin5m@oaic.gov.au,KA
Sharron,18/1/1922,5475033963,smusto5n@phoca.cz,KL
Dunn,17/8/1993,3638375924,dbelcham5o@wired.com,KL
Jo-anne,13/11/1921,5338612925,jsommerlin5p@nytimes.com,KA
Rosa,25/1/1900,9347720864,rmcgraith5q@hubpages.com,TN
Joline,26/10/1930,7798663563,jcarrivick5r@technorati.com,KL
Skipp,20/10/1948,6966908394,sgarrard5s@marketwatch.com,KA
Cherice,24/5/2000,7601149827,cjerrome5t@mit.edu,TN
Nara,3/6/2017,9108362872,ndurnford5u@webs.com,TN
Noah,11/7/1969,5255205280,ngorbell5v@nbcnews.com,KL
Nedi,12/3/1976,3739622848,nvernay5w@imageshack.us,TN
Jojo,24/6/1942,2594747036,jhayzer5x@howstuffworks.com,TN
Kenon,29/1/1905,3277272172,kwigg5y@omniture.com,TN
Bradley,21/10/1974,8199839496,bohanessian5z@goodreads.com,KL
Emery,13/1/1933,1572704341,ealgy60@meetup.com,KA
Carlita,7/12/1924,1005978428,cmatt61@flavors.me,KA
Nelly,5/10/1907,4016099433,nsimo62@loc.gov,KL
Krishnah,2/7/1953,5204619972,kbachnic63@unblog.fr,KL
Jdavie,7/6/1955,6463739543,jroiz64@facebook.com,TN
Sula,5/9/1955,2389217279,slivick65@ibm.com,KA
Chicky,13/4/2015,1869287534,"",TN
Abelard,8/7/1912,6827531838,akorf67@alibaba.com,KA
Sherwin,18/4/1923,7481911795,sjeaneau68@freewebs.com,TN
Ham,5/1/1921,8736195961,hspellsworth69@ucoz.com,KA
Hill,18/8/1984,9954375951,"",TN
Antonella,17/11/1967,8088404470,acosford6b@fema.gov,KL
Rockey,20/1/2020,3301494786,rgilligan6c@naver.com,KA
Lucas,1/8/1982,1603667019,lorrey6d@drupal.org,TN
Cordy,11/10/1922,6647625725,cpucker6e@github.io,KA
Laurella,17/9/2003,9348524763,llegrice6f@webnode.com,TN
Nisse,27/3/1910,3083379832,nmaddy6g@youtu.be,TN
Devan,23/5/1918,2763095218,dcollinwood6h@soup.io,KA
Paxton,21/7/1942,5217978183,pcornu6i@fotki.com,KL
Noni,2/11/1981,8907889959,ndwelly6j@utexas.edu,KA
Orel,11/8/1989,7105245893,odunphy6k@mediafire.com,KL
Ronald,26/8/2013,5675701437,rdhillon6l@artisteer.com,KL
Leonardo,22/5/1965,3782902034,lbulluck6m@yellowpages.com,TN
Kelley,6/10/1997,7518895016,kdoudny6n@nyu.edu,KL
Floria,6/1/1917,3311943463,fpegden6o@psu.edu,TN
Marisa,31/7/1976,3935495956,mantonoyev6p@github.io,KL
Martino,7/4/1951,1132024098,mbruinemann6q@wisc.edu,KA
Cecily,25/10/1960,9044420841,ccarder6r@whitehouse.gov,KL
Kathrine,3/3/1994,8637431809,ktyreman6s@sohu.com,TN
Kattie,23/12/1934,5496204028,"",TN
Dwight,12/8/1917,3737693058,dsketcher6u@ibm.com,TN
Carrissa,6/10/1995,3928882773,cmoden6v@webs.com,KL
Karin,17/1/1932,4092625971,kbiscomb6w@washingtonpost.com,KA
Pattie,28/5/1932,3208705665,pseamer6x@w3.org,KA
Hatti,13/5/1938,6613568962,htallyn6y@globo.com,TN
Carma,2/8/1988,3631819724,ckenshole6z@posterous.com,KA
Gwen,25/6/1902,"",gamaya70@zimbio.com,KA
Ethyl,17/2/1941,3423231924,ecumming71@va.gov,KA
Micheline,3/6/1970,9573343710,"",TN
Veriee,27/8/1954,"","",KA
Glynis,11/8/2008,9332516267,gtiesman74@omniture.com,TN
Robert,4/12/1903,4896386877,rlabrone75@macromedia.com,TN
Myca,23/8/1906,4715148422,mkettoe76@g.co,KL
Linus,25/6/1923,1282500154,lcastagnasso77@devhub.com,KL
Suzanne,27/1/1954,1865987968,smurray78@stanford.edu,KA
Jennilee,22/11/1953,4436728974,jhankins79@amazonaws.com,TN
Blayne,27/12/1945,6783515910,byerrington7a@trellian.com,KA
Lorrayne,25/6/2016,"",lportman7b@goo.ne.jp,KL
Aguste,31/12/2004,5151168799,acrooke7c@meetup.com,KA
Shari,25/8/1990,5245594954,sseelbach7d@ebay.com,TN
Gusta,8/11/1928,8401483559,gmoreno7e@google.ca,KL
Romy,10/9/1998,4807841921,rackenhead7f@miibeian.gov.cn,TN
Gray,20/5/1990,3641636007,gnorthall7g@icq.com,TN
Grantham,12/12/1945,6068518515,gmorrish7h@typepad.com,KA
Florencia,12/2/1919,2477827355,fkestell7i@netlog.com,TN
Izaak,31/8/1986,3276643211,iayllett7j@salon.com,KL
Valery,9/2/1946,4592553738,vheinsen7k@businesswire.com,TN
Loutitia,19/4/1904,5502021962,lpennell7l@wiley.com,KA
Alissa,25/9/1919,8697563351,averralls7m@multiply.com,TN
Kory,21/11/1976,5539678562,kcavalier7n@oakley.com,KL
Milena,10/7/1948,9166526122,mgrigoryov7o@github.io,KA
Cherie,6/4/2006,6424743658,creynoldson7p@cdbaby.com,KA
Tobey,16/4/2019,8399105565,ttrevett7q@yahoo.co.jp,KL
Cary,3/3/2005,7498153731,ccrust7r@infoseek.co.jp,KA
Beulah,26/3/1954,6574797626,"",KA
Boniface,30/10/1951,3964643593,blangelaan7t@aboutads.info,KA
Maris,24/9/1957,4351418646,mjehan7u@ucoz.ru,TN
Prentiss,11/7/1919,1946674511,pallom7v@prlog.org,KL
Anabal,28/12/1947,5106116640,ahillitt7w@networksolutions.com,TN
Bruce,28/11/1982,7598654106,"",KA
Saree,12/7/1930,5972025233,sapplewhaite7y@disqus.com,KA
Adan,31/5/1935,6833181408,ajoskovitch7z@furl.net,KL
Royall,15/3/1985,3804919139,"",TN
Deena,12/5/1980,5797421308,dcasella81@google.nl,KL
Gretel,20/12/1988,7001276354,"",KL
Mari,4/11/1963,3221315544,moxborrow83@washington.edu,KL
Kennie,27/9/2020,8277936565,kmcgrorty84@pcworld.com,KA
Minor,2/5/2005,3596722321,mkemston85@icq.com,KL
Dom,1/6/1967,4545287740,destick86@cocolog-nifty.com,TN
Richard,2/6/1907,9677369933,rwilshaw87@1und1.de,TN
Clarinda,28/10/2008,4578814705,cbeche88@cisco.com,TN
Hiram,28/1/1949,9186261899,hgregolin89@ovh.net,KA
Roana,20/6/2000,5291140281,rmackibbon8a@admin.ch,KA
Tristan,22/3/1921,6672452396,tballay8b@boston.com,KA
Grantham,27/9/1938,9536419335,gwyson8c@1688.com,KA
Perice,27/7/1911,4481212579,pgehrts8d@ameblo.jp,KA
Alyda,1/2/1957,2911067888,abarajas8e@opensource.org,KL
Bernita,19/12/1999,2137416224,bgianneschi8f@sphinn.com,TN
Doe,12/12/1913,8251969530,dhember8g@sfgate.com,KL
Missie,25/3/1952,1135718544,mshakelade8h@tamu.edu,TN
Ruttger,7/2/1951,3355197106,rmcqueen8i@accuweather.com,KA
Aggy,10/6/2017,4419939402,amacdavitt8j@tinyurl.com,KL
Erskine,31/7/1978,3404108291,eparadin8k@istockphoto.com,TN
Bo,17/9/1956,2869861713,bhurd8l@nbcnews.com,KL
Kalle,19/4/1931,6025514809,"",KA
Kerianne,1/4/1948,4362339763,kdilleway8n@engadget.com,KA
Minni,12/4/1950,5825031282,mcartwright8o@google.it,KL
Aggie,30/8/1931,8939506399,ahover8p@wordpress.com,KL
Koren,9/5/1936,8312769158,kcockerham8q@ocn.ne.jp,KA
Durward,4/7/2011,9811876061,dscrivener8r@noaa.gov,KA
Cornela,3/1/1948,4236589426,ccrampsey8s@wp.com,KL
Karim,24/12/1918,3617935130,"",TN
Marion,3/3/1907,6867887869,mlorait8u@indiegogo.com,TN
Zonnya,5/10/2000,3004264890,zspring8v@merriam-webster.com,TN
Karisa,5/11/1943,8982024045,khairyes8w@xrea.com,KA
Perkin,21/11/2015,5792956598,pshowte8x@freewebs.com,KA
Beilul,15/10/1911,5186756681,bsulter8y@etsy.com,TN
Murray,21/6/1960,9771319766,mscarsbrook8z@wikia.com,KL
Bastian,7/5/1995,2809835332,bpetzolt90@istockphoto.com,TN
Ardella,14/3/1942,3552533133,apickering91@vimeo.com,TN
Frasier,31/10/1919,8728407254,fcarnson92@mapquest.com,KA
Dedie,17/5/2009,6974775819,dwilloughby93@macromedia.com,KA
Evie,13/12/1986,7242244452,ecolaco94@guardian.co.uk,TN
Aryn,1/2/1990,3002704670,awisdom95@wp.com,KL
Carmen,3/6/1962,4897638877,clamprey96@businessweek.com,KL
Hendrika,20/4/1920,6001201773,hbrymner97@disqus.com,KL
Hamid,24/10/1900,6303503760,hschimek98@multiply.com,TN
Gard,26/2/2007,1194473803,ggourley99@imdb.com,KA
Chiquia,22/3/2010,7265981592,cspilsted9a@dot.gov,KL
Gustave,18/2/2006,7956896475,gosharry9b@craigslist.org,TN
Jessie,15/11/1984,1493286795,jgauld9c@yandex.ru,KA
Laurette,9/8/1956,6684005839,lfoston9d@spiegel.de,KL
Adelaida,16/7/2007,7512649659,"",KL
Abbott,12/7/1983,9573573263,aaxcell9f@icio.us,TN
Ezra,26/10/2015,6366942346,ehurrell9g@smh.com.au,KL
Othilia,29/5/1908,4456685508,oclapton9h@newyorker.com,KA
Sax,27/10/2001,3937110586,skennan9i@fda.gov,KL
Cole,29/3/1986,2183454147,cilling9j@soup.io,TN
Scottie,19/8/1959,9689495466,sderoberto9k@apache.org,TN
Jerrylee,27/11/1986,4364049068,jreford9l@tuttocitta.it,KL
Demetre,22/4/2010,1892879753,"",TN
Nevsa,16/5/1983,4319291033,nswanger9n@storify.com,KA
Patricia,20/1/2013,3054103114,pmallinar9o@usa.gov,KL
Piggy,7/7/2018,7042222980,pmunden9p@usnews.com,TN
Muhammad,9/8/1976,8572580691,mkilduff9q@irs.gov,KA
Virgilio,1/5/1935,"",vstych9r@marriott.com,TN
Nerissa,23/12/1973,3005298580,nhort9s@columbia.edu,KA
Giorgi,27/5/1963,3008963436,gswindlehurst9t@springer.com,KA
Terri-jo,8/10/2001,5252547098,tgerhartz9u@devhub.com,KL
Leta,22/8/1963,7208118797,llankham9v@gravatar.com,KA
Anne-corinne,23/12/1964,1482091280,acheine9w@telegraph.co.uk,KA
Emmalynne,14/1/1943,9616281982,eable9x@si.edu,TN
Oriana,19/12/1972,9334361733,omatussevich9y@boston.com,TN
Brent,5/8/1986,8287384555,beasbie9z@devhub.com,KL
Carling,29/2/1944,7944767287,ctertrea0@nifty.com,KA
Rosette,22/8/1962,2313326037,rwaterstonea1@google.com.br,TN
Joscelin,15/12/1993,9996236816,jkohrta2@disqus.com,KL
Ogdan,25/11/1919,9368760616,otweedella3@sohu.com,KA
Erl,25/9/1919,5035910300,ehacquarda4@upenn.edu,KL
Lorry,2/5/1970,6757911731,lkaszpera5@illinois.edu,KL
Toby,16/12/2008,4195913607,tbramstoma6@imageshack.us,TN
Emiline,29/11/1954,6336659732,ehenlona7@w3.org,KL
Riccardo,24/10/1931,8595199512,rmeechana8@amazonaws.com,KL
Aurora,22/12/1912,9432068532,akilgrovea9@nymag.com,KA
Emlynn,18/11/1932,4322341127,elambalaa@auda.org.au,KA
Jasmina,29/6/2000,2414933325,jnerneab@google.ca,KA
Willie,2/2/2009,2251804085,wiremongerac@wp.com,KL
Irvin,19/7/2005,2064625550,ipestellad@archive.org,KL
Shelley,21/8/1978,9417262717,sblanketae@fotki.com,TN
Estele,19/6/1916,2911959291,eseysaf@dailymail.co.uk,KL
Kelwin,13/10/1905,"",kfesbyag@telegraph.co.uk,KA
Kinny,20/7/1910,8254731723,kismayah@behance.net,TN
Adriane,11/1/2007,7724405604,ahalkyardai@psu.edu,KA
Aeriela,3/10/1922,5969771250,apawlaczykaj@ning.com,KA
Sidnee,1/11/1981,1922476681,shullahak@theglobeandmail.com,TN
Kinsley,9/5/1945,4772713739,kwyonal@imageshack.us,KA
Hilario,7/9/1941,5598618231,hconeybeeram@businessweek.com,KA
Eddy,22/4/1981,9589722124,elistan@oakley.com,KA
Pavla,18/11/1953,5465184923,pdorganao@blog.com,TN
Irwinn,30/6/1976,2774710357,icurmap@ameblo.jp,TN
Christian,8/5/1923,6141762975,cparfreyaq@jalbum.net,KA
Delmor,29/3/1995,8762401191,dsenterar@tmall.com,TN
Julita,5/4/1986,6458931867,jspinkas@blogger.com,KA
Kriste,28/5/1988,1042909083,klintotat@ft.com,KA
Katuscha,28/2/1908,4938274754,ksaichau@abc.net.au,KL
Peyter,2/1/1919,5258881565,pwillbondav@angelfire.com,TN
Jorry,30/8/1989,7659506363,jaxellaw@domainmarket.com,TN
Antons,22/2/1923,9607589614,ashitliffeax@mysql.com,KL
Lenard,4/12/1909,6294473710,lbetoniaay@creativecommons.org,TN
Levin,2/4/2011,7982923121,lstowersaz@reuters.com,KA
Kevan,13/10/1918,1904208434,kaspinellb0@opensource.org,KA
Emilia,4/10/2010,7342379740,eloughanb1@freewebs.com,KL
Imogene,6/5/1937,8704929301,ipurslowb2@si.edu,KA
Ricardo,24/11/1999,8806768230,rlorieb3@freewebs.com,TN
Kelila,24/8/1935,6714788549,kjorgb4@abc.net.au,KL
Lon,26/5/1990,1708247632,lbeachamb5@examiner.com,KA
Suzann,22/1/1980,8244959553,"",KA
Tiff,20/7/1957,5219387079,tdockwrayb7@mayoclinic.com,KA
Missy,3/6/2011,1478744063,mswansboroughb8@godaddy.com,TN
Drud,19/6/1905,9099122952,dburnsellb9@domainmarket.com,TN
Felecia,1/5/1939,5126457531,fwillingamba@ning.com,KL
Vitoria,29/11/1991,1678528345,vwyardbb@rediff.com,TN
Harman,26/6/1907,8433164108,hcrossinghambc@umn.edu,KL
Tabbi,30/12/1946,9673020573,tshewenbd@google.cn,TN
Rodd,27/12/2013,7132545580,rtommenbe@youtu.be,KL
Codi,8/7/1989,9733921625,cjervoisbf@paginegialle.it,TN
Harley,15/12/1962,1599032596,hlithgowbg@spotify.com,KA
Kaitlyn,3/9/1951,3412074840,kdobblebh@mapy.cz,KL
Dylan,22/8/1958,2558986181,dhannenbi@twitpic.com,KA
Ailey,1/6/1977,7278834328,aparcellsbj@freewebs.com,KL
Edgar,29/1/1995,2271265458,ejaqueminetbk@github.io,KL
Katleen,13/4/2005,6651482243,ktoothbl@wikispaces.com,TN
Paulo,9/3/2016,6044360748,plagneauxbm@networksolutions.com,TN
Bettina,31/3/1930,2641606219,bendebn@nytimes.com,KL
Karon,16/9/1910,1085876108,klewrybo@clickbank.net,KA
Faythe,14/5/1923,7428205606,fslaterbp@unc.edu,TN
Marinna,19/5/1992,2085293291,mhaighbq@hostgator.com,TN
Effie,16/4/1948,5483895651,ejoshambr@timesonline.co.uk,KA
Gregorio,22/8/1928,4371208719,gfavelabs@foxnews.com,KL
Redford,30/4/1951,3721860142,"",KA
Gay,17/10/1960,9114186428,ggruczkabu@unblog.fr,KA
Gusella,26/11/2004,2009482291,grenalsbv@ycombinator.com,TN
Verne,4/4/1961,9204373137,vivettbw@creativecommons.org,KL
Carine,20/12/1964,"",cschwandermannbx@flickr.com,KL
Andee,9/3/1923,2634238047,asheratonby@addthis.com,TN
Terrel,14/10/1997,4687847351,tandreaccibz@tamu.edu,TN
Amble,23/2/1904,1895961816,apiertonc0@bandcamp.com,TN
Elsey,18/8/1944,5953834569,edaniaudc1@ihg.com,KA
Susanna,5/5/1957,5005861337,sorpwoodc2@disqus.com,KA
Leena,17/7/1952,8978470932,"",KA
Winifred,25/4/1962,"",wdoughillc4@nps.gov,KL
Tan,24/9/1976,3534111575,tbauckhamc5@soundcloud.com,KL
Vitia,19/2/2009,8825393073,vstanyforthc6@ning.com,TN
Anestassia,2/10/1924,4029468780,ahuckerbec7@unesco.org,TN
Olga,18/1/1912,8473883817,oarrigoc8@homestead.com,TN
Myrle,22/7/1988,9326718295,mstobiec9@nature.com,KA
Gusti,19/11/2019,8654005545,gfrankelca@nba.com,KA
Gabriel,23/1/1969,5232138905,gkersawcb@businesswire.com,KL
Laryssa,16/9/1993,6723960915,ltantumcc@foxnews.com,TN
Ty,10/12/2003,3669629595,tromushkincd@miibeian.gov.cn,TN
Yorker,10/9/1965,4863396382,ystichelce@dailymotion.com,TN
Jody,7/11/1924,8635061581,jboggscf@theatlantic.com,TN
Lamond,31/12/1921,7756667431,lbrustercg@dailymail.co.uk,KA
Benjy,4/4/1923,9302211557,"",KA
Dorri,21/12/1962,7957940722,dsillitoci@bravesites.com,KL
Jedidiah,20/5/1919,7993445412,jgallamorecj@php.net,KA
Eduardo,10/10/1933,5195189850,ekermannesck@ox.ac.uk,TN
Bertine,7/9/1929,8554753411,breesoncl@booking.com,TN
Darrin,19/4/1957,2893550462,dtidridgecm@digg.com,KL
Abbey,20/3/1908,6439124484,afreirecn@indiegogo.com,TN
Stacia,17/7/1975,1549638279,sheinemannco@salon.com,KA
Marcellus,4/8/1921,8906488009,mparslowcp@oaic.gov.au,KL
Andris,31/5/1937,4902235678,astonhewercq@weebly.com,KL
Arda,31/5/1905,9175355345,"",KA
Bailey,11/11/1947,1321754374,bpitkeathlycs@whitehouse.gov,TN
Conant,14/9/1967,8716362293,cludovicoct@theglobeandmail.com,KL
Roseann,29/7/2008,3658732644,"",KL
Trix,5/6/1995,6507952732,tburgillcv@jimdo.com,TN
Stanislaw,27/9/2019,1584623263,soverlowcw@netscape.com,TN
Maximilian,15/8/1971,8413020544,mdenisckecx@youtu.be,TN
Willdon,3/6/2015,8588067446,wbewliecy@smugmug.com,KL
Zacharie,24/11/1997,5662638488,zlewintoncz@squarespace.com,KA
Court,25/1/1997,3955945684,cfidelusd0@so-net.ne.jp,KL
Vite,29/9/1925,4833831798,vdevittd1@wikispaces.com,KA
Lanny,4/9/1969,4515469928,lchallend2@hibu.com,TN
Maxie,2/6/1996,5898651918,mkilbournd3@multiply.com,TN
Caspar,22/5/1905,4548717412,ctuxwelld4@google.de,KA
Benn,16/7/1924,6112361578,bfladgated5@disqus.com,KA
Malinda,22/12/1916,1061191407,"",KA
Geneva,31/1/2003,3041230129,glepaged7@instagram.com,TN
Amie,9/4/1901,7255703901,abernardid8@soup.io,KL
Christel,19/6/1929,2754607613,carchbouldd9@amazonaws.com,KA
Ursulina,28/1/2018,"",ufulgerda@bravesites.com,KL
Moll,23/9/1968,1413571970,mwelhamdb@dropbox.com,KA
Helaina,22/6/2005,9879602523,hpadgintondc@washington.edu,KA
Orville,26/3/1978,8234934181,osivyerdd@360.cn,KL
Leonore,7/1/1951,2558571648,lmatthissonde@nbcnews.com,TN
Jojo,4/3/1925,8405580787,jdobiedf@sogou.com,TN
Stacie,28/12/1945,9771416721,sbarockdg@sbwire.com,TN
Lewiss,9/7/1969,6298149813,ldenedh@oaic.gov.au,KL
Charmain,15/6/1973,3484275101,csneesbydi@1688.com,KL
Welbie,19/12/1965,3269928890,wcowderydj@answers.com,KA
Marketa,26/10/2013,2999093940,msimmelldk@mac.com,KA
Archaimbaud,19/8/1999,7285547116,"",KL
Clayborn,6/9/1975,3833146891,cbellodm@pcworld.com,KA
Deeyn,8/5/1966,3113040392,dtongdn@tmall.com,TN
Branden,2/3/1918,6013816452,"",KA
Eryn,10/7/1956,9542372442,evoddendp@mit.edu,KA
Hugibert,16/2/1916,5309173475,hritcharddq@miitbeian.gov.cn,KA
Annecorinne,14/11/1936,7471500298,ajoinsondr@123-reg.co.uk,KA
Rona,20/2/1931,1425749329,rbaudoneds@icq.com,KL
Cleo,17/6/1985,"",cclerkdt@oaic.gov.au,TN
Chick,20/5/1945,9207558429,ceroniedu@fotki.com,KL
Shirl,4/6/1986,1638707999,sivancevicdv@disqus.com,KL
Rog,4/6/1939,7676658154,rbatistedw@examiner.com,KL
Darleen,4/2/1935,3628406913,ddentdx@hostgator.com,TN
Adena,24/1/1900,9203592863,asatforddy@china.com.cn,KA
Sharon,6/12/1974,9489500304,sjulldz@tinypic.com,KA
Raychel,7/10/1910,1952306476,rmintrime0@huffingtonpost.com,TN
Tressa,26/6/1963,6037182473,torpene1@harvard.edu,KA
Englebert,16/5/1988,3003259028,emozzie2@house.gov,TN
Emmie,9/3/1985,4033984977,ecogginse3@google.com.br,TN
Ric,12/4/2004,7046350720,rouldcotte4@netscape.com,TN
Claiborne,21/7/1998,1011851373,ccolwille5@webs.com,KL
Edgardo,21/8/1913,8732088360,ebrasteade6@paginegialle.it,KL
Lucky,30/10/1921,2817815162,lmckennye7@bigcartel.com,KL
Charmaine,18/3/2015,4644565685,"",KA
Dina,15/6/1909,1485737073,dborrise9@freewebs.com,TN
Hanson,16/6/1920,8605203682,hwaldrenea@google.com.br,TN
Selma,29/5/1960,4244055229,seneaseb@themeforest.net,TN
Eula,31/5/1909,6444013684,everyardec@nbcnews.com,TN
Fonsie,24/1/2017,7068481432,fmcgilroyed@nature.com,TN
Karoly,18/4/2012,2147109561,kwhittleseeee@miibeian.gov.cn,TN
Clerkclaude,27/10/1963,2903300316,cdurbynef@nasa.gov,KA
Kiah,21/12/1985,1908386268,kpruceeg@tumblr.com,TN
Ingunna,23/7/1957,6081359062,ivasenkoveh@pbs.org,TN
Cord,11/5/1992,2891715924,cdubockei@mac.com,KA
Bealle,7/6/1966,6561825307,bminkerej@creativecommons.org,KL
Mel,2/10/1921,2527318545,mmacparlanek@noaa.gov,TN
Noe,8/12/1935,2296142445,nwoodhouseel@artisteer.com,KL
Zachary,15/3/1904,9627527002,zbrunsenem@shinystat.com,KL
Sophi,29/11/1924,8302070547,snatwicken@yellowbook.com,TN
Mateo,29/3/2002,1606472326,"",TN
Wallie,6/7/2016,7481439582,wstentonep@lulu.com,KA
Katharine,24/8/1982,1533611931,khegertyeq@bing.com,KL
Sherill,18/1/1956,9014736961,sblowinger@oracle.com,KL
Sosanna,7/5/2001,9918135761,selmorees@pagesperso-orange.fr,TN
Marcie,19/2/2002,9654461751,mkubeket@alexa.com,KA
Dorita,22/8/1988,2003189898,dastilleu@jimdo.com,TN
Madison,27/6/1911,2418962816,mconklinev@gnu.org,TN
Farra,22/8/1991,3921631682,fwheatonew@tripadvisor.com,KA
Willie,12/7/1906,4669036381,wwordesworthex@multiply.com,KA
Teresita,1/2/1914,4061915647,"",TN
Sophia,16/1/1996,7277093672,sgrimsdithez@businessweek.com,KA
Faber,28/11/1908,1088515326,futteridgef0@usa.gov,TN
Angie,3/9/1941,9076124859,agribbinsf1@ifeng.com,KA
Caye,17/4/1929,6868880600,cmugfordf2@qq.com,KL
Giusto,9/8/1921,"",gmatthewmanf3@liveinternet.ru,KA
Evelyn,23/2/1922,"","",KA
Candace,26/7/1938,4758374667,cdibiagif5@sciencedaily.com,KL
Valentia,1/11/1965,6319918581,vmarcussenf6@hhs.gov,TN
Dosi,2/5/2000,1162708259,dbolamf7@dmoz.org,TN
Donavon,6/3/2018,9275508674,dknightleyf8@reuters.com,KA
Trevar,25/4/1969,1616666050,tbigglestonef9@domainmarket.com,TN
Elisabet,19/6/1976,4467949382,eellinfa@1und1.de,KL
Fancy,23/9/1949,5374535648,faspolefb@sun.com,KA
Phip,13/7/2007,4232689818,psaltmanfc@chron.com,KL
Carey,20/6/1966,8433367102,ccardwellfd@soundcloud.com,KL
Remington,8/11/2020,6354107464,rtizardfe@github.io,TN
Veronique,31/7/1968,2256590245,vtorbetff@upenn.edu,KA
Errick,16/6/1998,7244559919,edewesfg@gizmodo.com,KA
Gretal,16/4/1942,"",gallnuttfh@redcross.org,KL
Larine,3/8/1977,6101695344,lhorrodfi@flickr.com,KA
Pembroke,15/3/1940,7678652815,"",KL
Winonah,29/10/2002,4255148027,whightownfk@newyorker.com,KL
Tana,21/3/1935,3843436644,tfrenzelfl@nba.com,KL
Elsworth,25/2/2004,3981078508,earentsfm@ca.gov,KL
Holly,12/1/1979,5122163663,hdrysdallfn@yahoo.com,KA
Etti,29/1/1973,8288719460,ecrowtherfo@wikimedia.org,KL
Pepe,4/6/1930,7124596383,pheaffeyfp@prlog.org,KA
Robina,10/5/1926,6697797589,rmcadamfq@goo.gl,KL
Enoch,3/7/1937,7125913630,everefr@furl.net,TN
Karalee,18/2/2020,8544549885,"",KA
Xena,4/1/1979,3898646488,xbergetft@usda.gov,KL
Bobine,15/10/1918,4937246084,bcoatsfu@soundcloud.com,KL
Lolly,8/5/1939,8072323358,lgeardfv@weather.com,KL
Vernice,1/8/1902,7893418129,vantillfw@angelfire.com,TN
Neile,28/9/1922,8409068018,nokifx@forbes.com,KL
Reid,11/2/1955,9103422788,"",TN
Faulkner,26/12/1966,8633445603,"",KA
Clayton,23/12/1928,9884731679,cidelg0@webeden.co.uk,KA
Cart,7/11/1929,2248071075,cborgnolg1@1688.com,KA
Kakalina,19/3/1942,6948534467,kwallickerg2@sun.com,TN
Clarinda,17/6/2010,6068535303,cwisbyg3@ifeng.com,KA
Cordelie,1/1/1952,7939738707,cpikhnog4@webeden.co.uk,KL
Henka,21/10/2003,3446638500,hguerrig5@rakuten.co.jp,KA
Monte,10/11/1979,8159141620,msurmeirg6@artisteer.com,TN
Shaylyn,15/4/1943,3716636684,shawtong7@theatlantic.com,TN
Emery,28/9/1903,2757000869,eclohiseyg8@soundcloud.com,TN
Milty,26/5/2014,6528875325,"",KL
Rudolph,15/4/2003,8358810284,rjerokga@studiopress.com,KL
Carlos,5/8/1997,7428601783,cverneygb@marriott.com,TN
Joell,6/3/1907,5395092026,jjerdeingc@tripod.com,TN
Dick,30/11/1923,8302140353,dgeraultgd@altervista.org,TN
Malinde,23/6/1959,7713030350,mserrierge@cam.ac.uk,KA
Malynda,18/8/1953,8237682728,mfairbeardgf@t-online.de,KL
Lilllie,26/7/1932,9043935578,lbraddickgg@naver.com,KL
Rivkah,26/12/1975,8272007900,rtweedygh@mapquest.com,TN
Midge,4/8/1933,1291080600,msteffangi@home.pl,TN
Hedvige,3/12/1955,8696589161,hhartnupgj@phoca.cz,TN
Deb,18/11/1935,9014673066,dgirschgk@prnewswire.com,KL
Brianna,30/12/2015,3384960301,bpopegl@booking.com,TN
Raddie,10/8/1978,8001454926,rbreedegm@elpais.com,KA
Adler,22/8/1990,9714367378,acraykegn@artisteer.com,KA
Tamera,25/5/1939,2237917299,tdinnagego@slate.com,KA
Keary,21/11/2009,4204436338,kgrimagp@weibo.com,KL
Colleen,15/10/1910,8139956801,cmacknessgq@amazon.co.jp,TN
Dorisa,4/8/1976,9711393585,dfidockgr@foxnews.com,KL
Pru,15/10/2019,9555960011,plimbrickgs@apple.com,TN
Rodolph,19/7/1996,7468458752,rgentreaugt@unc.edu,KA
Blancha,18/2/1962,7542406232,bdegliabbatigu@vinaora.com,TN
Nicolai,17/6/1943,5298555090,nverneygv@weibo.com,KA
Eugenie,10/2/1959,5824090371,elellogw@hud.gov,KL
Barby,24/12/2007,4751319388,bswiersgx@archive.org,TN
Adrien,19/8/1996,8691436367,aratcliffegy@godaddy.com,KL
Corette,9/10/1996,7316528099,cbarnicottgz@tuttocitta.it,KA
Haley,31/3/1939,3422731412,"",KL
Dotti,8/8/1942,2678723471,djouhningh1@boston.com,KL
Mahala,17/9/1988,7372806516,mcomazzoh2@wiley.com,TN
Gerrilee,26/12/2012,6908621964,gneath3@merriam-webster.com,KA
Dick,18/1/1975,7449391719,drotherh4@posterous.com,KL
Thacher,3/2/1917,5295537369,tryamh5@columbia.edu,KL
Vivianne,17/6/1948,5558156007,vesselenh6@weather.com,KA
Taddeo,4/12/1987,8627237488,tmearingh7@arstechnica.com,TN
Rubia,25/3/1910,5739622616,rplitzh8@army.mil,KA
Matelda,14/3/1955,6861396772,mbearsmoreh9@hugedomains.com,KL
Nikki,11/4/2011,5026364494,nworkha@businesswire.com,KL
Michell,15/12/1912,6767955749,mtymhb@t-online.de,TN
Borg,19/7/1996,4914860379,bsteninghc@theguardian.com,KL
Tracey,24/7/1940,4136917109,tkelstonhd@vk.com,KL
Jolene,16/11/1937,9612865158,jhendrichshe@mapquest.com,KA
Rosabelle,20/6/1991,8607098289,rmandrakehf@europa.eu,TN
Korie,7/8/1929,2576673781,kyurovhg@gizmodo.com,TN
Babb,25/12/1929,4516438384,btosspellhh@cornell.edu,KA
Mark,6/10/2016,7116665040,mkorneevhi@stumbleupon.com,KL
Vivien,28/8/2017,5644472458,vkailhj@gov.uk,TN
Griff,19/5/1983,4302212168,gmoberleyhk@hhs.gov,TN
Augustina,25/3/1968,3638212869,"",KL
Hali,27/6/1960,8915274066,hgoodwinshm@seattletimes.com,KA
Angeline,12/8/1932,5277910645,acloneyhn@google.com.br,TN
Carleton,21/7/1974,8683480284,cgiralho@si.edu,KA
Brittni,4/6/1969,"",bsnelmanhp@blogtalkradio.com,KL
Dell,3/11/1914,6094384479,dhaslegravehq@go.com,KA
Horatio,13/7/1945,3696849573,hspeirhr@mozilla.com,KA
Weidar,5/8/1953,1273092616,wboydellhs@amazon.co.jp,KA
Clevie,15/2/1934,1112108316,csalsberght@vkontakte.ru,KA
Natty,4/11/1970,4357288117,nboashu@domainmarket.com,TN
Odey,19/11/1983,7863547826,owyndhamhv@pcworld.com,KA
Sylas,31/10/1977,5851924664,"",KA
Zsa zsa,18/10/1926,1104555021,zduffieldhx@chronoengine.com,KL
Stevena,12/5/1921,1531784352,skeemarhy@wunderground.com,TN
Hana,23/7/1983,8828859340,hlammerichhz@umn.edu,KL
Cletis,4/4/1925,1068082985,cveschambesi0@timesonline.co.uk,KL
Faydra,6/4/1975,3072344751,fwippermanni1@umn.edu,KL
Sonny,26/7/1978,1827409493,slangei2@youku.com,KL
Berkeley,23/4/2003,1676575268,"",KA
Cristine,11/3/2013,4687481079,calcocki4@ox.ac.uk,KA
Penn,15/7/1917,7673398343,pbirtwistlei5@msn.com,KA
Brander,5/11/2000,9153285197,bflorioi6@comsenz.com,KA
Faythe,30/9/1964,"","",TN
Timmi,11/8/1930,2248347953,tsurgeoni8@fotki.com,KA
Carita,6/10/1909,6603945601,"",KL
Pris,31/8/2007,5609050372,"",KA
Johan,2/10/1911,3979276100,jsollyib@dailymotion.com,TN
Mark,15/7/1941,1052739136,mplessingic@alibaba.com,KL
Jeanine,4/12/2010,6584554004,jweatherburnid@lycos.com,KA
Maressa,12/7/1982,9552588863,moliviie@redcross.org,KA
Roze,22/4/2003,8006211275,"",KA
Maurizia,24/3/1961,1859488595,mholwellig@gmpg.org,KL
Sayres,28/10/1990,1829319708,sgerhardtih@lycos.com,TN
Hendrick,14/7/1954,6045507115,hridpathii@techcrunch.com,KA
Yelena,15/2/1982,5164242081,"",TN
Wendie,31/7/1917,1673488834,wwykeik@nifty.com,TN
Nickolas,6/3/1911,9766917507,ncliveil@dot.gov,KA
Ivette,17/11/1940,9054779976,igentim@house.gov,KL
Riccardo,1/8/2009,3853182642,rlosselyongin@elegantthemes.com,KA
Carlynne,29/4/1962,2268123453,carchio@mapy.cz,TN
Loria,1/7/2012,3235730211,lkiezlerip@telegraph.co.uk,KA
Darbie,8/10/1996,1247547052,dcaileiq@redcross.org,TN
Frances,21/7/2013,6491995095,fcurnokir@behance.net,TN
Stevie,20/2/1918,9497872720,sbernetteis@theatlantic.com,KL
Margarethe,5/3/2000,5177421026,mwestheadit@globo.com,KA
Drusi,19/8/1983,6113938174,dcuvleyiu@virginia.edu,TN
Yard,16/7/1949,2182413478,ytroyesiv@bbb.org,TN
Fanny,20/10/1933,8699943917,fetheringtoniw@privacy.gov.au,KL
Callie,16/12/1940,7619148631,ccasselsix@samsung.com,KL
Ingamar,2/12/1949,7795049301,imarkusseniy@reddit.com,KA
Enrika,4/9/2004,"",ehabletiz@com.com,KL
Nigel,9/1/1927,3114797923,ngrinstedj0@reuters.com,KL
Hester,18/1/1997,5054121800,hasselj1@ihg.com,TN
Darbee,16/11/1928,6037467442,dgilfoylej2@nasa.gov,KL
Dennie,29/10/1989,2166029535,dtrevonj3@google.co.jp,KL
Charlean,16/12/1929,9994531141,cscougalj4@whitehouse.gov,KA
Wynne,10/12/1931,3137334398,whundayj5@columbia.edu,TN
Emile,25/10/1993,6958249147,eorteauxj6@posterous.com,KA
Dougie,2/9/1918,1091500438,dstorrarj7@cam.ac.uk,KA
Flint,13/10/1979,1777486058,"",TN
Brandea,21/8/1962,5811699942,bdaingerfieldj9@constantcontact.com,KL
Francis,8/7/1992,4988484583,flairdja@mediafire.com,KL
Stephenie,7/5/2006,4471508865,sjoustjb@sciencedaily.com,KL
Silvie,16/6/1945,"","",TN
Rodina,13/3/2007,6009086911,rbrandassijd@tamu.edu,KA
Leonhard,21/3/2019,5266783121,ljackwaysje@patch.com,TN
Brittaney,28/6/1943,7059682448,bhurdjf@zdnet.com,TN
Yvor,8/8/1938,2405045355,ybearjg@sphinn.com,KL
Brandea,3/9/1961,1957701508,bjezardjh@blog.com,KA
Bondy,28/1/1919,3433518194,blankfordji@gravatar.com,KL
Alanah,6/10/1964,6766258875,adunsirejj@jiathis.com,KA
Modesty,9/4/1961,4705764828,mbasnettjk@businesswire.com,KA
Free,18/11/1960,5971760836,fhollowsjl@engadget.com,KA
Jedediah,25/9/2015,7063587556,jcornaujm@wikipedia.org,KL
Dagmar,25/11/1941,1602164865,"",KL
Viola,30/6/2003,6129171890,vfarmarjo@tripadvisor.com,KL
Tanhya,20/8/1953,8073783254,thaylockjp@hostgator.com,TN
Blondie,22/5/1962,6223886467,bgemellijq@nifty.com,TN
Taylor,1/5/1933,6382315205,"",KL
Druci,26/11/1985,6279365848,dpassyjs@squidoo.com,KL
Robina,17/5/1948,5913352109,rtilsonjt@sphinn.com,TN
Artair,7/3/2005,"",afraneyju@weather.com,KL
Alvira,13/4/1959,3588792471,arudgleyjv@ustream.tv,TN
Klarrisa,19/5/1985,7435894716,kfinckenjw@howstuffworks.com,TN
Lucila,30/3/1932,6832008777,lmarksonjx@upenn.edu,TN
Valentine,7/11/1943,7549225551,"",KA
April,25/3/2013,3913963867,agussinjz@list-manage.com,KA
Gennie,2/7/2012,9334572158,gcraneyk0@desdev.cn,KL
Dottie,1/12/1945,8758210793,dfewk1@free.fr,TN
Rodie,8/1/2017,9408492997,rpyettk2@loc.gov,TN
Gill,22/1/1953,8005124323,gturmallk3@wired.com,KL
Benito,10/7/2015,1501266037,bsweetsurk4@last.fm,TN
Dulce,24/3/2010,5296280083,dmelvillek5@intel.com,TN
Bili,16/12/1983,7776082911,blonghornek6@cyberchimps.com,TN
Andy,7/11/1959,6199822474,acronek7@twitter.com,KA
Lancelot,16/7/2005,"",lwithullk8@nymag.com,KL
Brantley,11/3/1984,7937978567,bskyrmk9@time.com,KL
Jarrad,5/4/2018,7128035456,jraymentka@psu.edu,KL
Clarine,27/10/1984,2148173504,"",KL
Sigismond,3/2/2015,7782392763,smaffettikc@accuweather.com,KL
Tana,16/11/1923,1756850697,tadamkd@gmpg.org,KL
Estrella,10/7/1948,4847183962,edetheridgeke@opera.com,KL
Murielle,24/6/1915,4447420025,mrowlstonekf@sun.com,KA
Christye,26/3/1956,3824651379,cribeirokg@rakuten.co.jp,TN
Daryle,21/11/2008,6967086531,dgoldspinkkh@surveymonkey.com,KL
Andra,10/2/1986,7438371173,amcgorleyki@liveinternet.ru,KA
Siffre,6/11/1977,7034817724,sdunsfordkj@canalblog.com,KL
Kippie,8/8/1948,6272918987,kdomegankk@scribd.com,KL
Eda,1/1/1958,5077080620,eolynnkl@seattletimes.com,KL
Gray,15/4/1940,9806633094,glewinskm@symantec.com,KA
Sigfrid,14/4/2011,7817363991,sshingfieldkn@senate.gov,KA
Lewes,6/10/1935,"",lharmestonko@statcounter.com,KA
Sari,3/12/1971,"",sprofitkp@mysql.com,KL
Elsi,12/9/1979,3887887516,"",KA
Ilario,16/10/1923,9947163905,ipiggotkr@dmoz.org,KA
Gertrudis,6/11/1969,9209920052,gtowndrowks@toplist.cz,TN
Gabrila,15/5/1934,8133089361,gmaudkt@digg.com,KL
Natalina,2/9/1900,4044949097,ncrosenku@tiny.cc,TN
Tris,11/7/1968,6129769985,tandrivelkv@tinyurl.com,TN
Irena,11/6/2009,9071322183,iadelbergkw@google.es,KL
Melli,5/3/1984,9497673676,mmcbreartykx@wunderground.com,TN
Astra,3/9/1942,1024801508,amenchentonky@phoca.cz,KA
Marja,20/11/1959,8575251578,mhaversumkz@issuu.com,KA
Celene,25/3/1987,5157445231,"",KA
Elfrieda,9/11/1915,9952876033,"",KL
Cinda,9/9/1963,8382818412,cfinnanl2@sogou.com,KA
Welch,13/7/1993,8252856610,wouryl3@about.com,KL
Russ,6/6/2018,3098156990,rosheal4@ucoz.com,TN
Alanna,4/9/1973,2615540409,amcgaraghanl5@behance.net,TN
Tatiania,2/11/1933,8574938822,tbeardmorel6@bluehost.com,KA
Alleen,18/5/1995,3721562671,acrasswelll7@xinhuanet.com,KL
Hali,30/5/1971,1827078726,hblatherwickl8@nhs.uk,TN
Sandra,11/9/1907,3487507865,sheyburnl9@yahoo.com,KA
Chelsey,24/9/1909,4522094531,cbeartla@friendfeed.com,KA
Maxy,5/10/1942,2417402577,mtisonlb@smh.com.au,KA
Konrad,24/12/1918,6813128026,kcluittlc@google.ca,TN
Eryn,7/7/2018,4455705263,elagrangeld@com.com,TN
Shane,11/7/1999,2602277761,schasteneyle@vkontakte.ru,KA
Channa,15/8/1909,4561405079,cloudelf@parallels.com,KL
Nikolos,4/11/1929,2215940920,npachelg@last.fm,KL
Isidoro,11/7/1905,2363613348,igallardlh@goo.gl,KL
Fanni,21/3/1955,8212669438,fkilfederli@symantec.com,TN
Boony,26/1/1966,1611069802,bfairbanklj@google.es,KL
Giraldo,26/5/2017,6612079582,gklosserlk@wikispaces.com,TN
Keely,8/9/1977,4611137632,kmcgauhyll@globo.com,KL
Ignace,28/9/1962,7233530747,"",KA
Olav,22/6/1997,5878506912,"",KA
Augustin,7/12/1966,5136914004,agiraldolo@youku.com,KL
Farra,5/4/1982,5096866118,fstuerlp@behance.net,KA
Kristina,28/11/1968,5026774352,kmassenlq@harvard.edu,KA
Nan,1/2/1931,6995765111,nchattenlr@nationalgeographic.com,KL
Juan,25/2/1929,6531401702,jwalentals@imdb.com,KL
Rene,12/7/1966,2707392785,"",KL
Garth,5/5/1989,5735617661,gpadberylu@upenn.edu,KA
Judi,25/7/2005,7103918486,jbrusselllv@sfgate.com,KL
Julio,8/10/1951,8292430600,jknobelllw@e-recht24.de,KA
Barrie,21/9/1971,"",bdeerlx@google.ca,KL
Napoleon,17/10/2009,8109606002,npatchingly@gov.uk,KL
Spence,29/3/1913,3712264647,sdarraghlz@whitehouse.gov,TN
Hayward,18/5/1942,6204425829,hcornaum0@linkedin.com,TN
Elnora,6/1/1936,5087912648,ecicconettim1@merriam-webster.com,KL
Marthe,15/10/1960,8389172187,mbartolomivism2@squarespace.com,KA
Eddie,26/3/1918,2041652492,efallowesm3@live.com,TN
Isabelle,12/3/1914,2385785395,ihalfheadm4@4shared.com,KA
Sande,2/5/2003,3237532045,slorensm5@gravatar.com,KL
Jeanne,30/11/1986,6651857348,jsherynm6@jalbum.net,KA
Ag,30/5/1943,4174131847,aiamittiim7@liveinternet.ru,KL
Brook,30/10/1935,2616977401,bsievewrightm8@java.com,KA
Jordan,28/11/1971,9659367511,"",KA
Salomone,23/1/1946,6273202944,sskitralma@sfgate.com,KL
Brennen,27/5/1981,7067581913,bextermb@nyu.edu,KA
Garnette,28/7/1987,8916565770,gbimmc@canalblog.com,TN
Alphonse,16/10/1983,7197982786,ajerymd@yandex.ru,TN
Ted,13/5/2003,5804182841,trickfordme@biglobe.ne.jp,KA
Joscelin,16/1/1917,1983512589,jspencelayhmf@rakuten.co.jp,TN
Ives,29/8/1950,8645183668,igibberdmg@house.gov,KA
Nicol,31/7/1911,7353908340,"",KL
Sonya,28/1/1915,2616238222,"",KA
Catherin,3/5/1999,1834578660,ceinchcombemj@va.gov,KA
Pier,1/11/2018,1558899418,pfishbournemk@artisteer.com,TN
Nert,3/3/2014,2702907644,nstranaghanml@chicagotribune.com,KA
Enoch,4/6/1913,3803477577,evineymm@cdbaby.com,TN
Gardner,23/7/1952,1301966998,gfairlawmn@twitpic.com,KL
Jodie,17/9/1968,8704992088,jgavaganmo@mozilla.org,KA
Cory,25/1/2010,1841386693,cthalmp@yale.edu,KL
Haze,23/12/1974,7086728812,"",TN
Fern,8/6/1958,5299591951,fscathardmr@theglobeandmail.com,TN
Margalo,14/10/1913,"",mgleavesms@economist.com,KL
Frederico,4/3/1918,1876979346,fligermt@github.com,TN
Wenonah,27/2/1964,1422139569,"",TN
Paige,28/2/1953,4452324672,pgoodmanmv@studiopress.com,TN
Dniren,2/6/1902,7508080367,dvolckermw@indiatimes.com,TN
Cyril,24/12/2008,5029331042,channiganemx@example.com,TN
Glenn,18/7/1973,5468517725,gvellamy@icq.com,TN
Renie,18/8/2018,3152452247,rbalmemz@dailymotion.com,KL
Coralie,22/4/2005,5316393489,clivingstonn0@symantec.com,TN
Susanna,5/5/1962,2484511564,shertwelln1@google.cn,KA
Mary,7/11/1932,2381947894,meltonen2@hubpages.com,TN
Andonis,19/6/1979,5733424295,aweekn3@miitbeian.gov.cn,KL
Rinaldo,15/8/2003,9273515981,rbratchn4@studiopress.com,KL
Raffarty,6/7/1961,6297033497,rshilleton5@shareasale.com,TN
Ashley,12/7/1922,6785084626,ashawleyn6@google.fr,TN
Iolanthe,24/1/1927,4854297197,ibruunn7@woothemes.com,KL
Janean,28/8/1905,4513273982,jiglesiasn8@clickbank.net,KL
Dyann,14/1/2013,9932444781,dtiremann9@woothemes.com,KL
Lynnea,12/2/1966,3236802700,lpordalna@mashable.com,KL
Shandee,23/5/1994,8434640626,"",KA
Leonore,2/6/2005,7165660404,lluncknc@networksolutions.com,KL
Archibald,26/6/1926,8257955070,anailend@hibu.com,KL
Torry,10/3/1990,9401111651,"",KL
Lou,11/11/1903,2414934295,lmontacutenf@independent.co.uk,KL
Cora,5/11/1903,5066026067,criccing@theglobeandmail.com,KA
Mendel,9/8/2010,8587941711,mstorrsnh@senate.gov,KA
Yorgo,4/6/1912,3468187678,ykintzelni@eventbrite.com,KL
Ninette,20/3/1902,4493632058,nlovienj@zdnet.com,TN
Glynn,22/7/1904,8659385029,"",KL
Alford,7/7/1998,1457778085,aspiecknl@moonfruit.com,KL
Holden,28/11/1926,7864592804,hbruffnm@shareasale.com,TN
Kalle,27/3/1907,6089547067,kwoollinnn@cnn.com,KL
Wynn,29/7/1913,6035969625,wminettno@bbc.co.uk,TN
Hildegaard,21/11/2017,2768502312,htempletonnp@cbsnews.com,KA
Ranee,6/12/2011,5043136896,rkingzettnq@amazon.co.uk,KA
Ewart,21/1/1994,2252363957,ehatchnr@wp.com,KL
Claude,7/6/1954,3521915768,"",KA
Janetta,26/1/1964,5155228438,jdionsettint@geocities.com,KA
Sybyl,17/9/1977,1365944073,sladbrooknu@salon.com,TN
Anastassia,20/2/1992,6755491845,asiberrynv@altervista.org,KA
Teirtza,19/12/1934,4952345594,tmedewaynw@freewebs.com,KL
Cacilia,9/7/2020,4974397614,calleynenx@paginegialle.it,KL
Mort,3/10/1941,4998089007,mgilleaseny@census.gov,KA
Zsazsa,31/1/1948,"",zperellinz@comcast.net,KA
Lira,18/2/2014,9728985295,lclinecko0@jalbum.net,KA
Nial,20/1/1962,9128602073,nshilstoneo1@salon.com,KA
Lisle,22/11/1955,6577744596,lolletto2@icio.us,KL
Avrom,27/6/1912,9758018795,awildingo3@people.com.cn,KL
Giana,25/5/1992,4052919981,gschroedero4@edublogs.org,TN
Emily,9/8/1999,1339901136,ecleatono5@marriott.com,KA
Erny,18/8/1966,5962851992,efeirno6@barnesandnoble.com,TN
Yurik,16/11/1997,5167814414,ygilstono7@umich.edu,KL
Glenine,5/2/1945,2442919920,gamaro8@constantcontact.com,TN
Ardis,26/9/1920,6276448067,agamilo9@prnewswire.com,KL
Milo,4/2/1959,4742786416,meberstoa@eepurl.com,KL
Kelsi,20/1/1929,9611463868,kfieldob@cloudflare.com,KA
Coreen,20/7/1963,7291823781,cvannaccioc@mozilla.org,KL
Dalia,31/7/1979,4291506337,ddamatood@google.es,KA
Cass,18/9/1925,7324773765,ccowlinoe@shinystat.com,TN
Marlow,1/1/1916,5628893741,mbennedsenof@eepurl.com,KL
Edwina,19/12/1900,9558436173,eflandersog@dropbox.com,TN
Karly,22/5/1981,8328158687,ktrevaskisoh@skyrock.com,TN
Ellynn,1/10/1986,1844458653,"",KL
Nathanael,20/1/1959,7813743487,nscrowbyoj@miibeian.gov.cn,KL
Henrie,24/7/1975,9975190245,hmeagherok@chron.com,KA
Lois,24/3/1949,5187477664,"",KA
Drake,23/11/1929,1662438575,ddossitom@pbs.org,KL
Genevieve,2/12/1983,1173655500,ggunnyon@dmoz.org,KA
Domini,25/9/1953,7186147343,dchivralloo@vkontakte.ru,KL
Dyan,4/10/1933,3557601372,"",KL
Norbie,22/2/2020,9973132948,ngeistmannoq@microsoft.com,KL
Devina,5/9/1980,3412336733,dmorenaor@amazon.co.jp,KL
Page,7/1/1965,2886859359,pcarissos@skype.com,TN
Adele,9/1/1978,4915318817,atruranot@barnesandnoble.com,KL
Carey,11/3/1927,7898879564,cswadonou@weebly.com,TN
Brandie,30/9/1920,6066748242,bbumpassov@hp.com,KA
Theodor,23/1/1934,6746708249,tseiterow@youtu.be,KL
Cassaundra,5/6/1995,2732066826,chutcheonox@ted.com,TN
Rustin,28/11/1919,2374802431,rgherardinioy@usatoday.com,TN
Harper,20/1/1904,3804164846,hplunkettoz@free.fr,TN
Rich,8/1/1919,6222835623,rchampagnep0@goo.gl,TN
Wilow,13/8/2008,7664822889,wsimionatop1@home.pl,TN
Chic,7/12/1993,8126488444,csilvesterp2@tripod.com,TN
Amelina,23/10/1933,9153631376,awehnerrp3@reverbnation.com,TN
Zita,13/11/1989,6826262431,zweallp4@ihg.com,KA
Kary,13/7/2016,"",kfolip5@cam.ac.uk,KA
Emera,26/6/1979,9681337013,epatrickp6@upenn.edu,KA
Martita,22/11/1902,8605086812,maggissp7@who.int,KL
Octavius,4/9/1960,8188094095,"",KL
Lucy,7/9/1953,9188096620,ludellp9@lycos.com,TN
Tymon,11/4/1944,7025107061,tsummergillpa@chron.com,KL
Bianca,24/7/1970,7476649456,blumsdonpb@mayoclinic.com,KA
Welsh,13/12/1928,3941915804,wfairebrotherpc@oakley.com,KA
Millisent,10/9/2000,1527630291,mdavispd@discuz.net,KA
Crissie,17/2/1961,9688532544,cgoodlakepe@topsy.com,TN
Doria,13/4/1958,9453880719,dmchalepf@tmall.com,KA
Noel,31/10/1953,9614383746,nricharzpg@nih.gov,TN
Mahmud,2/3/2008,8839636237,mdykinsph@barnesandnoble.com,KL
Gearard,22/5/1942,"",gdillestonpi@npr.org,KL
Mal,10/10/1904,3556684385,"",TN
Julieta,14/4/1979,9346269526,jyeatmanpk@google.pl,TN
Kristal,8/2/1915,"",kscarrottpl@jalbum.net,KA
Andre,3/1/1973,7201567711,amctrustypm@disqus.com,TN
Andree,21/12/1977,3857730073,ajacklingspn@storify.com,KA
Orel,19/1/1918,5332143025,"",KA
Emelina,19/6/1940,3024125098,egladdinpp@biglobe.ne.jp,TN
Ajay,4/6/1962,6282105517,ahinschepq@acquirethisname.com,KL
Kissee,5/6/1954,8873254543,kblowenpr@sina.com.cn,KA
Jere,12/12/1987,2682190756,jordeltps@hostgator.com,KA
Victor,20/7/1949,6854830982,vyakobpt@bravesites.com,TN
Terrie,24/3/1997,4808633033,tdefranciscipu@blogspot.com,KA
Jeffie,22/12/2010,5744008278,jrobardetpv@omniture.com,KA
Tades,6/4/1993,2364670791,tvasselpw@nifty.com,KA
Glenn,18/2/2014,3246840131,gmcguckenpx@imgur.com,TN
Jilleen,10/12/1989,6409108446,jpaternosterpy@comsenz.com,KA
Burnaby,19/11/1985,4547222581,bheinkepz@hp.com,TN
Alfred,13/9/2009,7822826015,aelkinq0@geocities.jp,KA
Mora,11/10/1928,1612313539,mhaycockq1@tmall.com,TN
Dacie,1/1/1987,6307013449,dletchmoreq2@hexun.com,KL
Hermina,6/11/1931,3057586091,hravenscroftq3@dailymail.co.uk,KL
Jimmy,26/6/1981,5377538608,jgiacoboq4@netvibes.com,KL
Adara,9/10/1916,6681471462,aillistonq5@elegantthemes.com,TN
Maribelle,16/6/2016,5561523054,mbiddwellq6@uol.com.br,KL
Camile,7/2/1926,1698975848,cbeneytoq7@360.cn,TN
Ray,28/7/1916,3703942796,rmeuseq8@epa.gov,KA
Gabie,25/12/1966,3309303237,ghurlingq9@forbes.com,KL
Whitman,12/7/2010,4133401382,"",KA
Sophi,27/6/1910,9146193045,scrumqb@digg.com,KL
Trefor,2/1/1903,2247117350,tgoalleyqc@github.com,TN
Prince,21/8/1994,5633113501,psuttieqd@theguardian.com,KA
Denys,7/8/1940,3127731666,dcobboldqe@liveinternet.ru,TN
Teodoor,2/4/1984,5603552862,truggeqf@seesaa.net,KL
Mela,16/8/1969,2646734210,mrobardeyqg@usnews.com,KL
Kyle,13/1/1955,9167840635,kkearyqh@eepurl.com,KA
Lindy,4/12/1998,6893371456,lwaudbyqi@photobucket.com,TN
Alyse,4/6/1915,5889446534,akhotlerqj@examiner.com,KA
Neely,9/8/1942,7177581632,"",KA
Anne-corinne,14/6/1958,9011756683,acroallql@europa.eu,TN
Tanner,11/3/1918,8642850774,tmunceyqm@dyndns.org,KA
Augy,16/4/1920,7471486449,afrieseqn@symantec.com,TN
Sunny,15/2/2005,2689217731,skinlochqo@surveymonkey.com,KA
Earlie,9/9/1905,8359831319,enapperqp@apache.org,TN
Lockwood,31/10/1937,7364402342,lcallacherqq@opera.com,TN
Avrit,18/6/1933,8661468221,ameatonqr@printfriendly.com,KA
Lucie,7/8/1962,9075691393,lcoronaqs@ifeng.com,KL
Philis,15/3/1991,8099314330,pagerqt@free.fr,TN
Jeremiah,23/6/1917,5756782462,"",TN
Brade,1/8/2019,8622980934,bfultonqv@princeton.edu,TN
Fania,10/10/2020,3696609434,fcrocombeqw@360.cn,TN
Benyamin,15/5/1937,6004133426,bconnopqx@webmd.com,TN
Thomasine,21/9/1969,9479559052,"",KA
Randa,1/2/1922,4143884459,rfeehanqz@umich.edu,KA
Sebastian,4/3/1948,2175705279,"",TN
Hamil,27/4/1941,4981223895,hchapmanr1@homestead.com,TN
Bridgette,24/3/1916,5233581314,binksterr2@i2i.jp,TN
Grantham,20/9/1975,7675153737,"",KL
Blinny,14/8/1907,7142316655,blyttonr4@tinyurl.com,TN
Maire,22/4/1988,6536604670,meldrettr5@marketwatch.com,TN
Kate,18/10/1949,9735877539,krawlinsonr6@hud.gov,KA
Bonni,23/11/1945,9182190860,bmcgraghr7@timesonline.co.uk,TN
Chadwick,13/11/1938,6667154001,churleyr8@hibu.com,KA
Royce,18/1/1931,1003626259,rsaundercockr9@wikipedia.org,KA
Wash,23/7/1996,5374670569,wmonkleighra@chronoengine.com,TN
Kelvin,14/5/1939,6033797713,"",KA
Janith,17/3/2010,1911379699,jpashenrc@vimeo.com,KA
Lulita,1/10/1971,3154976870,ltetlard@wired.com,KA
Ulric,16/11/1933,7183941900,ujaggire@arizona.edu,KA
Skipp,30/5/1956,8457930503,spetriellorf@amazonaws.com,TN
Jewelle,6/5/1946,4223753669,jbeaderg@irs.gov,TN
Cesya,26/4/1992,9599175718,ctonepohlrh@google.com.br,KL
Duky,31/10/1941,4917235122,dfideleri@google.it,KL
Rasla,27/7/2010,9702669391,rgrigoriorj@geocities.com,KA
Kaitlin,4/4/1922,2749066234,kbalmforthrk@bloomberg.com,TN
Wayland,4/8/1920,8719800939,wfairrl@drupal.org,TN
Zollie,29/8/1917,8584776757,zsircomberm@unesco.org,KA
Dean,30/5/1921,2312313464,"",KL
Marcille,6/1/2019,3822417111,"",TN
Gracie,22/7/1932,3341699499,gglowinskirp@wufoo.com,TN
Fritz,25/1/1941,8761322740,fgerssamrq@bloglines.com,TN
Lauralee,13/1/1984,8896323202,lspinckerr@typepad.com,KA
